{
  "controller/ErrorHandler.js": 1694813893318,
  "i18n/i18n.properties": 1694813893305,
  "model/models.js": 1694813893305,
  "model/formatter.js": 1694813893328,
  "controller/Worklist.controller.js": 1694813893318,
  "controller/Object.controller.js": 1694813893318,
  "controller/NotFound.controller.js": 1694813893318,
  "manifest.json": 1695057711683,
  "controller/BaseController.js": 1694813893315,
  "controller/App.controller.js": 1694813893305,
  "Component.js": 1694813893290,
  "Component-preload.js": 1695057712084,
  "controller/ErrorHandler-dbg.js": 1694813893318,
  "model/formatter-dbg.js": 1694813893328,
  "controller/Worklist-dbg.controller.js": 1694813893318,
  "controller/Object-dbg.controller.js": 1694813893318,
  "controller/NotFound-dbg.controller.js": 1694813893318,
  "model/models-dbg.js": 1694813893305,
  "controller/BaseController-dbg.js": 1694813893315,
  "controller/App-dbg.controller.js": 1694813893305,
  "Component-dbg.js": 1694813893290,
  "view/Worklist.view.xml": 1694815023897,
  "view/ObjectNotFound.view.xml": 1694813893330,
  "view/Object.view.xml": 1694815110462,
  "view/NotFound.view.xml": 1694813893330,
  "view/App.view.xml": 1694813893330,
  "index.html": 1694813893290
}